{"schemaVersion":"1.0","appDefinitionTemplate":{"id":"/providers/Microsoft.PowerApps/apps/","type":"Microsoft.PowerApps/apps","tags":{"primaryDeviceWidth":"1106","primaryDeviceHeight":"768","sienaVersion":"20200803T190608Z-3.20073.23.0","deviceCapabilities":"","supportsPortrait":"false","supportsLandscape":"true","primaryFormFactor":"Tablet","publisherVersion":"3.20072.20","minimumRequiredApiVersion":"2.2.0","hasComponent":"false","hasUnlockedComponent":"false","isUnifiedRootApp":"false"},"properties":{"appVersion":"2020-08-03T19:06:08Z","lifeCycleId":"Published","createdByClientVersion":{"major":3,"minor":20072,"build":20,"revision":0,"majorRevision":0,"minorRevision":0},"minClientVersion":{"major":3,"minor":20072,"build":20,"revision":0,"majorRevision":0,"minorRevision":0},"backgroundColor":"rgba(37, 62, 143, 1)","backgroundImageUri":"/5757906591928641216/Ne66ae9b6-7515-44d7-90d4-3426e6b09cc8-logoSmallFile","displayName":"Microsoft 365 Skills Challenge","description":"","commitMessage":"","appUris":{"documentUri":{"value":"/5757906591928641216/N4245312b-7605-4ae0-9a9a-20b1b8d7e095-document.msapp","readonlyValue":"/5757906591928641216/N4245312b-7605-4ae0-9a9a-20b1b8d7e095-document.msapp"},"imageUris":[]},"createdTime":"0001-01-01T00:00:00Z","lastModifiedTime":"0001-01-01T00:00:00Z","sharedGroupsCount":0,"sharedUsersCount":0,"icons":{"smallIconUri":"/5757906591928641216/Nd1b3cb75-79f2-4916-b4b0-f8ddea3a5823-small.png","mediumIconUri":"/5757906591928641216/N1bf09ca2-6861-458a-8514-ec9f7b25a0fb-medium.png","largeIconUri":"/5757906591928641216/N6c72c903-0476-4e9a-ab86-ebd1374357bc-large.png","wideIconUri":"/5757906591928641216/Na157df1c-a70e-444d-8c7a-789b9610a90f-wide.png"},"connectionReferences":{"f87b4ca7-8b27-4990-8c42-119b45456d28":{"id":"07981d63-35a1-43bd-9a8b-11db3b775dcf","displayName":"Microsoft 365 Users","iconUri":"https://connectoricons-prod.azureedge.net/releases/v1.0.1373/1.0.1373.2081/office365users/icon.png","dataSources":["Office365Users"],"dependencies":[],"dependents":[],"parameterHints":{},"isOnPremiseConnection":false,"bypassConsent":false,"dataSets":{},"apiTier":"Standard","isCustomApiConnection":false},"5aa8a25d-fe0d-4665-b093-35b2c7118d56":{"id":"eca76ad4-60c5-40ea-b86c-567cd9c66168","displayName":"Microsoft 365 Groups","iconUri":"https://connectoricons-prod.azureedge.net/releases/v1.0.1373/1.0.1373.2081/office365groups/icon.png","dataSources":["Office365Groups"],"dependencies":[],"dependents":[],"parameterHints":{},"isOnPremiseConnection":false,"bypassConsent":false,"dataSets":{},"apiTier":"Standard","isCustomApiConnection":false},"a2aed66c-9d8d-45ab-bd5a-66fb7ce276fc":{"id":"2e044a64-110e-4e11-801c-7024803f90eb","displayName":"SharePoint","iconUri":"https://connectoricons-prod.azureedge.net/releases/v1.0.1371/1.0.1371.2074/sharepointonline/icon.png","dataSources":["Incentives_1","Rewards_1","UserIncentives","UserRewards"],"dependencies":[],"dependents":[],"parameterHints":{},"isOnPremiseConnection":false,"bypassConsent":false,"dataSets":{"https://m365x694447.sharepoint.com/sites/Incentives":{"dataSources":{"Incentives_1":{"tableName":"eaeaabf5-c86f-4674-a647-357b5b52b812"},"Rewards_1":{"tableName":"56136241-1088-4eca-913a-0c9d3f926566"},"UserIncentives":{"tableName":"157864ec-7260-442a-bd90-025b2d6669e3"},"UserRewards":{"tableName":"b9b2a5a7-3e2f-49ef-9322-6dbe60bd868b"}}}},"apiTier":"Standard","isCustomApiConnection":false}},"databaseReferences":{},"almMode":"Environment","performanceOptimizationEnabled":false,"canConsumeAppPass":true},"isAppComponentLibrary":false,"appType":"ClassicCanvasApp","appComponents":[]}}