{"name":"3b67eda1-7d1a-4b96-87d8-abe8ddb61f8d","id":"/providers/Microsoft.Flow/flows/3b67eda1-7d1a-4b96-87d8-abe8ddb61f8d","type":"Microsoft.Flow/flows","properties":{"apiId":"/providers/Microsoft.PowerApps/apis/shared_logicflows","displayName":"Skills - Work remotely","definition":{"metadata":{"workflowEntityId":null,"creator":{"id":"b424549c-249e-46e1-b262-bd0914ccdf43","type":"User","tenantId":"b8d1943d-1a84-42ef-addf-af91445a39b4"},"provisioningMethod":"FromDefinition","failureAlertSubscription":true,"clientLastModifiedTime":"2020-07-29T19:52:49.4903656Z"},"$schema":"https://schema.management.azure.com/providers/Microsoft.Logic/schemas/2016-06-01/workflowdefinition.json#","contentVersion":"1.0.0.0","parameters":{"$connections":{"defaultValue":{},"type":"Object"},"$authentication":{"defaultValue":{},"type":"SecureObject"}},"triggers":{"When_a_new_response_is_submitted":{"splitOn":"@triggerBody()?['value']","metadata":{"flowSystemMetadata":{"swaggerOperationId":"CreateFormWebhook"}},"type":"ApiConnectionWebhook","inputs":{"host":{"connection":{"name":"@parameters('$connections')['shared_microsoftforms']['connectionId']"},"api":{"runtimeUrl":"https://unitedstates-002.azure-apim.net/apim/microsoftforms"}},"body":{"eventType":"responseAdded","notificationUrl":"@{listCallbackUrl()}","source":"ms-connector"},"path":"/formapi/api/forms/@{encodeURIComponent('PZTRuIQa70Kt36-RRFo5tJxUJLSeJOFGsmK9CRTM30NUQUg0TU9PTUgyQjFJRlJUVzRHOTVFR1MyQy4u')}/webhooks","authentication":"@parameters('$authentication')"}}},"actions":{"Get_response_details":{"runAfter":{},"metadata":{"flowSystemMetadata":{"swaggerOperationId":"GetFormResponseById"}},"type":"ApiConnection","inputs":{"host":{"connection":{"name":"@parameters('$connections')['shared_microsoftforms']['connectionId']"},"api":{"runtimeUrl":"https://unitedstates-002.azure-apim.net/apim/microsoftforms"}},"method":"get","path":"/formapi/api/forms('@{encodeURIComponent('PZTRuIQa70Kt36-RRFo5tJxUJLSeJOFGsmK9CRTM30NUQUg0TU9PTUgyQjFJRlJUVzRHOTVFR1MyQy4u')}')/responses","queries":{"response_id":"@triggerBody()?['resourceData']?['responseId']"},"authentication":"@parameters('$authentication')"}},"Create_item":{"runAfter":{"Get_user_profile_(V2)":["Succeeded"]},"metadata":{"flowSystemMetadata":{"swaggerOperationId":"PostItem"}},"type":"ApiConnection","inputs":{"host":{"connection":{"name":"@parameters('$connections')['shared_sharepointonline']['connectionId']"},"api":{"runtimeUrl":"https://unitedstates-002.azure-apim.net/apim/sharepointonline"}},"method":"post","body":{"Title":"@body('Get_user_profile_(V2)')?['userPrincipalName']","UserName":"@body('Get_user_profile_(V2)')?['displayName']","IncentiveName":"Work remotely","IncentivePoints":10,"IncentiveCode":"test333","ReceivedOn":"@body('Get_response_details')?['submitDate']"},"path":"/datasets/@{encodeURIComponent(encodeURIComponent('https://m365x694447.sharepoint.com/sites/Incentives'))}/tables/@{encodeURIComponent(encodeURIComponent('157864ec-7260-442a-bd90-025b2d6669e3'))}/items","authentication":"@parameters('$authentication')"}},"Get_user_profile_(V2)":{"runAfter":{"Get_response_details":["Succeeded"]},"metadata":{"flowSystemMetadata":{"swaggerOperationId":"UserProfile_V2"}},"type":"ApiConnection","inputs":{"host":{"connection":{"name":"@parameters('$connections')['shared_office365users']['connectionId']"},"api":{"runtimeUrl":"https://unitedstates-002.azure-apim.net/apim/office365users"}},"method":"get","path":"/codeless/v1.0/users/@{encodeURIComponent(body('Get_response_details')?['responder'])}","authentication":"@parameters('$authentication')"}}}},"connectionReferences":{"shared_microsoftforms":{"connectionName":"shared-microsoftform-748b84fc-3339-4fd0-8115-b45a4ace35b2","source":"Embedded","id":"/providers/Microsoft.PowerApps/apis/shared_microsoftforms","tier":"NotSpecified"},"shared_sharepointonline":{"connectionName":"shared-sharepointonl-8c1040a8-80cf-44a0-b72e-50e3915ed451","source":"Embedded","id":"/providers/Microsoft.PowerApps/apis/shared_sharepointonline","tier":"NotSpecified"},"shared_office365users":{"connectionName":"shared-office365user-be437bc5-6ea4-4dd3-b84a-e1054917bc24","source":"Embedded","id":"/providers/Microsoft.PowerApps/apis/shared_office365users","tier":"NotSpecified"}},"flowFailureAlertSubscribed":false}}